id,grp,day,size
101,1.CTR,0,41.8
101,1.CTR,3,85.0
101,1.CTR,4,114.0
101,1.CTR,5,162.3
101,1.CTR,6,178.3
101,1.CTR,7,325.0
101,1.CTR,10,623.7
101,1.CTR,11,648.4
101,1.CTR,12,835.9
101,1.CTR,13,1030.4
101,1.CTR,14,1141.8
101,1.CTR,17,1499.9
101,1.CTR,18,1429.3
101,1.CTR,19,1609.3
101,1.CTR,20,1678.3
101,1.CTR,21,1564.0
102,1.CTR,0,79.4
102,1.CTR,1,110.3
102,1.CTR,4,201.3
102,1.CTR,5,255.3
102,1.CTR,6,349.1
102,1.CTR,7,357.5
102,1.CTR,8,670.0
102,1.CTR,11,624.3
102,1.CTR,12,640.6
102,1.CTR,13,618.8
102,1.CTR,14,584.9
102,1.CTR,15,809.7
102,1.CTR,18,1249.7
102,1.CTR,19,1262.2
102,1.CTR,20,1336.8
102,1.CTR,21,1563.7
103,1.CTR,0,44.8
103,1.CTR,1,67.5
103,1.CTR,2,55.8
103,1.CTR,3,82.8
103,1.CTR,4,106.8
103,1.CTR,7,309.5
103,1.CTR,8,355.9
103,1.CTR,9,554.8
103,1.CTR,10,740.4
103,1.CTR,11,1012.1
103,1.CTR,14,1948.2
103,1.CTR,15,2405.7
104,1.CTR,0,67.7
104,1.CTR,1,92.4
104,1.CTR,2,77.7
104,1.CTR,3,107.4
104,1.CTR,4,147.1
104,1.CTR,7,226.1
104,1.CTR,8,285.3
104,1.CTR,9,541.5
104,1.CTR,10,551.9
104,1.CTR,11,609.8
104,1.CTR,14,1230.5
104,1.CTR,15,1839.6
104,1.CTR,16,1964.2
105,1.CTR,0,54.7
105,1.CTR,3,61.1
105,1.CTR,4,75.3
105,1.CTR,5,112.5
105,1.CTR,6,117.8
105,1.CTR,7,164.9
105,1.CTR,10,816.2
105,1.CTR,11,846.4
105,1.CTR,12,1403.6
105,1.CTR,13,1699.3
105,1.CTR,14,2162.8
106,1.CTR,0,60.0
106,1.CTR,1,74.2
106,1.CTR,2,98.9
106,1.CTR,3,103.3
106,1.CTR,4,106.4
106,1.CTR,7,166.3
106,1.CTR,8,269.2
106,1.CTR,9,478.4
106,1.CTR,10,356.4
106,1.CTR,11,498.8
106,1.CTR,14,915.8
106,1.CTR,15,1086.6
106,1.CTR,16,2125.1
107,1.CTR,0,46.8
107,1.CTR,4,162.6
107,1.CTR,5,264.5
107,1.CTR,6,253.1
107,1.CTR,7,419.3
107,1.CTR,11,1273.5
107,1.CTR,12,1712.0
107,1.CTR,13,2342.6
108,1.CTR,0,49.4
108,1.CTR,4,123.2
108,1.CTR,5,286.5
108,1.CTR,6,484.9
108,1.CTR,7,584.5
108,1.CTR,11,1581.9
108,1.CTR,12,1930.6
108,1.CTR,13,2295.9
201,2.D,0,49.1
201,2.D,3,65.6
201,2.D,4,88.9
201,2.D,5,135.4
201,2.D,6,171.9
201,2.D,7,177.3
201,2.D,10,388.0
201,2.D,11,466.7
201,2.D,12,557.0
201,2.D,13,455.5
201,2.D,14,624.1
201,2.D,18,995.2
201,2.D,19,1157.6
201,2.D,20,1069.7
201,2.D,21,1194.4
201,2.D,24,1725.8
201,2.D,25,1524.9
201,2.D,26,1737.7
201,2.D,27,1998.3
202,2.D,0,60.6
202,2.D,1,75.7
202,2.D,2,75.8
202,2.D,4,158.7
202,2.D,7,306.2
202,2.D,8,397.4
202,2.D,9,398.2
202,2.D,10,639.3
202,2.D,11,556.4
202,2.D,14,815.9
202,2.D,15,907.9
202,2.D,16,1104.2
202,2.D,17,1275.0
202,2.D,18,1290.9
202,2.D,22,2046.7
203,2.D,0,41.5
203,2.D,1,41.8
203,2.D,2,43.2
203,2.D,3,46.0
203,2.D,4,48.7
203,2.D,7,66.5
203,2.D,8,82.2
203,2.D,9,94.1
203,2.D,10,162.7
203,2.D,11,169.9
203,2.D,14,398.7
203,2.D,15,416.0
203,2.D,16,526.7
203,2.D,17,716.3
203,2.D,18,734.9
203,2.D,22,1938.5
204,2.D,0,46.8
204,2.D,1,46.4
204,2.D,2,48.8
204,2.D,3,56.7
204,2.D,4,113.9
204,2.D,7,231.8
204,2.D,8,318.3
204,2.D,9,413.1
204,2.D,10,747.4
204,2.D,11,700.4
204,2.D,14,1374.8
204,2.D,15,1374.1
204,2.D,16,1668.4
204,2.D,17,1598.4
204,2.D,18,1725.1
205,2.D,0,39.5
205,2.D,3,71.2
205,2.D,4,62.4
205,2.D,5,84.8
205,2.D,6,88.6
205,2.D,7,138.0
205,2.D,10,270.3
205,2.D,11,310.7
205,2.D,12,385.5
205,2.D,13,552.5
205,2.D,14,468.9
205,2.D,17,766.6
205,2.D,18,896.0
205,2.D,19,1279.0
205,2.D,20,1582.3
205,2.D,21,1701.4
206,2.D,0,53.5
206,2.D,1,41.2
206,2.D,2,52.2
206,2.D,3,61.6
206,2.D,4,77.1
206,2.D,7,102.8
206,2.D,8,85.9
206,2.D,9,70.3
206,2.D,10,105.2
206,2.D,11,129.9
206,2.D,14,291.3
206,2.D,15,315.4
206,2.D,16,322.5
206,2.D,18,768.1
206,2.D,22,1108.6
206,2.D,23,1321.0
206,2.D,24,1624.3
206,2.D,25,1853.5
207,2.D,0,43.5
207,2.D,1,50.2
207,2.D,2,56.5
207,2.D,5,87.0
207,2.D,6,53.5
207,2.D,7,38.5
207,2.D,8,69.1
207,2.D,9,46.3
207,2.D,12,66.5
207,2.D,13,62.4
207,2.D,14,83.6
207,2.D,15,102.6
207,2.D,16,100.9
207,2.D,19,163.0
207,2.D,20,172.4
207,2.D,21,162.5
207,2.D,23,223.7
207,2.D,27,416.0
207,2.D,28,445.2
208,2.D,0,64.4
208,2.D,1,63.9
208,2.D,2,76.3
208,2.D,3,85.8
208,2.D,4,186.3
208,2.D,7,291.9
208,2.D,8,381.9
208,2.D,9,469.5
208,2.D,10,590.2
208,2.D,11,782.9
208,2.D,14,1182.8
208,2.D,15,1194.7
208,2.D,16,1407.2
208,2.D,17,1677.7
208,2.D,18,1784.9
209,2.D,0,47.5
209,2.D,1,48.6
209,2.D,2,75.1
209,2.D,3,77.7
209,2.D,4,128.0
209,2.D,7,123.5
209,2.D,8,167.1
209,2.D,9,144.4
209,2.D,10,294.6
209,2.D,11,318.0
209,2.D,14,580.5
209,2.D,15,621.6
209,2.D,16,601.6
209,2.D,17,1066.5
209,2.D,18,981.1
209,2.D,21,1380.3
209,2.D,22,1507.9
209,2.D,23,1767.9
209,2.D,25,2269.3
210,2.D,0,71.7
210,2.D,3,134.0
210,2.D,4,172.2
210,2.D,5,247.4
210,2.D,6,239.4
210,2.D,9,604.9
210,2.D,10,538.2
210,2.D,11,583.5
210,2.D,12,664.8
210,2.D,13,743.5
210,2.D,16,1054.9
210,2.D,17,998.4
210,2.D,18,890.1
210,2.D,19,1203.9
210,2.D,20,1123.9
210,2.D,23,1302.3
210,2.D,24,1654.0
210,2.D,25,1697.6
210,2.D,27,2114.6
301,3.R,0,44.1
301,3.R,3,104.2
301,3.R,4,129.3
301,3.R,5,304.9
301,3.R,6,533.2
301,3.R,7,732.5
301,3.R,10,1083.6
301,3.R,11,1141.7
301,3.R,12,1751.9
301,3.R,13,2058.7
302,3.R,0,42.1
302,3.R,3,98.7
302,3.R,4,59.7
302,3.R,5,80.2
302,3.R,6,87.8
302,3.R,7,173.2
302,3.R,10,253.1
302,3.R,11,287.5
302,3.R,12,427.4
302,3.R,13,589.5
302,3.R,14,525.1
302,3.R,17,934.3
302,3.R,18,1041.9
302,3.R,19,920.7
302,3.R,20,1003.3
302,3.R,21,920.7
302,3.R,25,1584.5
302,3.R,26,1734.4
302,3.R,27,1760.5
302,3.R,28,2362.4
303,3.R,0,42.5
303,3.R,3,49.8
303,3.R,4,58.5
303,3.R,5,69.3
303,3.R,6,97.4
303,3.R,7,133.8
303,3.R,10,294.6
303,3.R,11,322.7
303,3.R,12,324.8
303,3.R,13,442.4
303,3.R,14,505.0
303,3.R,17,632.7
303,3.R,18,594.8
303,3.R,19,603.7
303,3.R,20,646.5
303,3.R,21,649.3
303,3.R,25,1044.8
303,3.R,26,1219.9
303,3.R,27,1316.1
303,3.R,28,1714.0
304,3.R,0,56.9
304,3.R,3,129.6
304,3.R,4,106.2
304,3.R,5,120.6
304,3.R,6,170.3
304,3.R,7,239.0
304,3.R,10,743.9
304,3.R,11,697.5
304,3.R,12,990.8
304,3.R,13,1066.4
304,3.R,14,1167.2
304,3.R,18,1958.9
305,3.R,0,46.7
305,3.R,1,50.9
305,3.R,2,59.2
305,3.R,5,139.8
305,3.R,6,159.3
305,3.R,7,183.4
305,3.R,8,244.4
305,3.R,9,328.0
305,3.R,12,368.1
305,3.R,13,455.3
305,3.R,14,397.6
305,3.R,15,519.8
305,3.R,16,463.5
305,3.R,20,650.5
305,3.R,21,979.3
305,3.R,22,761.1
305,3.R,23,853.0
305,3.R,26,1518.8
305,3.R,27,2157.4
306,3.R,0,51.2
306,3.R,1,88.5
306,3.R,2,128.7
306,3.R,5,315.7
306,3.R,6,326.7
306,3.R,7,376.2
306,3.R,8,429.3
306,3.R,9,723.6
306,3.R,12,1051.3
306,3.R,13,1177.5
306,3.R,14,1297.6
306,3.R,15,1254.5
306,3.R,16,1426.6
306,3.R,20,2159.6
307,3.R,0,44.0
307,3.R,3,84.1
307,3.R,4,80.1
307,3.R,5,66.8
307,3.R,6,90.0
307,3.R,7,147.7
307,3.R,10,334.2
307,3.R,11,476.9
307,3.R,12,517.9
307,3.R,13,651.8
307,3.R,14,616.6
307,3.R,17,1108.4
307,3.R,18,955.3
307,3.R,19,909.4
307,3.R,20,1071.8
307,3.R,21,988.0
307,3.R,25,1970.2
308,3.R,0,59.8
308,3.R,4,84.0
308,3.R,5,277.2
308,3.R,6,612.4
308,3.R,7,712.3
308,3.R,11,1055.3
308,3.R,12,1268.3
308,3.R,13,956.9
308,3.R,14,929.9
309,3.R,0,40.7
309,3.R,3,63.5
309,3.R,4,55.9
309,3.R,5,89.1
309,3.R,6,98.7
309,3.R,7,137.7
309,3.R,10,303.3
309,3.R,11,410.4
309,3.R,12,514.4
309,3.R,13,565.4
309,3.R,14,611.3
309,3.R,17,677.0
309,3.R,18,778.9
309,3.R,19,656.5
309,3.R,20,737.5
309,3.R,21,721.4
309,3.R,24,902.4
309,3.R,25,776.4
309,3.R,26,882.6
309,3.R,27,865.8
309,3.R,28,1065.0
310,3.R,0,58.2
310,3.R,1,73.1
310,3.R,2,91.0
310,3.R,3,86.9
310,3.R,6,375.7
310,3.R,7,405.0
310,3.R,8,511.0
310,3.R,9,891.6
310,3.R,10,1022.3
310,3.R,13,1372.7
310,3.R,14,1535.9
310,3.R,15,1748.5
310,3.R,16,1538.9
310,3.R,17,1684.1
310,3.R,20,1690.8
310,3.R,21,1764.8
310,3.R,22,1754.0
310,3.R,23,1964.6
310,3.R,24,2188.7
401,4.D+R,0,41.3
401,4.D+R,1,63.4
401,4.D+R,2,102.6
401,4.D+R,4,130.0
401,4.D+R,7,286.2
401,4.D+R,8,372.3
401,4.D+R,9,440.0
401,4.D+R,10,490.0
401,4.D+R,11,511.4
401,4.D+R,14,719.9
401,4.D+R,15,832.3
401,4.D+R,16,822.1
401,4.D+R,17,899.5
401,4.D+R,18,1096.0
401,4.D+R,23,1577.1
401,4.D+R,24,1904.1
402,4.D+R,0,53.5
402,4.D+R,1,60.9
402,4.D+R,4,117.0
402,4.D+R,5,122.7
402,4.D+R,6,47.7
402,4.D+R,7,114.1
403,4.D+R,0,45.8
403,4.D+R,1,57.4
403,4.D+R,2,46.3
403,4.D+R,5,118.3
403,4.D+R,6,209.0
403,4.D+R,7,245.5
403,4.D+R,8,424.4
403,4.D+R,9,389.4
403,4.D+R,12,689.8
403,4.D+R,13,624.1
403,4.D+R,14,731.3
403,4.D+R,15,811.3
403,4.D+R,16,882.4
403,4.D+R,20,898.8
403,4.D+R,21,887.2
403,4.D+R,22,814.5
403,4.D+R,23,779.7
403,4.D+R,26,828.9
403,4.D+R,27,588.6
403,4.D+R,28,543.3
404,4.D+R,0,48.2
404,4.D+R,1,60.3
404,4.D+R,2,59.3
404,4.D+R,3,90.6
404,4.D+R,4,66.7
404,4.D+R,7,149.6
404,4.D+R,8,121.1
404,4.D+R,9,186.0
404,4.D+R,10,323.6
404,4.D+R,11,332.2
404,4.D+R,14,609.0
404,4.D+R,15,467.4
404,4.D+R,16,548.0
404,4.D+R,18,768.8
404,4.D+R,22,802.1
404,4.D+R,23,766.2
404,4.D+R,24,657.1
404,4.D+R,25,619.2
404,4.D+R,28,810.7
405,4.D+R,0,47.7
405,4.D+R,3,98.2
405,4.D+R,4,92.8
405,4.D+R,5,145.1
405,4.D+R,6,167.0
405,4.D+R,7,252.7
405,4.D+R,10,479.4
405,4.D+R,11,541.1
405,4.D+R,12,681.2
405,4.D+R,13,527.1
405,4.D+R,14,685.7
405,4.D+R,17,673.3
405,4.D+R,18,833.1
405,4.D+R,19,672.7
405,4.D+R,20,651.5
405,4.D+R,21,785.3
405,4.D+R,24,972.4
405,4.D+R,25,786.5
405,4.D+R,26,976.6
405,4.D+R,27,1070.9
405,4.D+R,28,1109.9
406,4.D+R,0,69.2
406,4.D+R,1,69.5
406,4.D+R,4,144.8
406,4.D+R,5,224.4
406,4.D+R,6,319.8
406,4.D+R,7,296.1
406,4.D+R,8,494.6
406,4.D+R,13,1227.7
406,4.D+R,14,1144.6
406,4.D+R,15,1144.6
406,4.D+R,19,1685.4
406,4.D+R,20,1827.0
406,4.D+R,22,2343.0
407,4.D+R,0,43.9
407,4.D+R,1,58.5
407,4.D+R,2,45.6
407,4.D+R,4,77.9
407,4.D+R,7,224.7
407,4.D+R,8,183.7
407,4.D+R,9,233.7
407,4.D+R,10,289.4
407,4.D+R,11,287.9
407,4.D+R,14,433.7
407,4.D+R,15,402.6
407,4.D+R,16,434.9
407,4.D+R,17,364.1
407,4.D+R,18,551.6
407,4.D+R,23,769.1
407,4.D+R,24,760.4
407,4.D+R,25,760.4
408,4.D+R,0,59.3
408,4.D+R,1,92.6
408,4.D+R,2,92.5
408,4.D+R,4,169.3
408,4.D+R,7,218.1
408,4.D+R,8,257.2
408,4.D+R,9,236.2
408,4.D+R,10,243.7
408,4.D+R,11,229.2
408,4.D+R,14,250.1
408,4.D+R,15,208.4
408,4.D+R,16,222.8
408,4.D+R,17,249.0
408,4.D+R,18,338.9
408,4.D+R,23,495.5
408,4.D+R,24,523.3
408,4.D+R,25,523.3
409,4.D+R,0,51.1
409,4.D+R,3,78.0
409,4.D+R,4,107.4
409,4.D+R,5,128.0
409,4.D+R,6,167.3
409,4.D+R,7,219.8
409,4.D+R,10,375.6
409,4.D+R,12,645.9
409,4.D+R,13,691.4
409,4.D+R,17,1114.2
409,4.D+R,18,1050.4
409,4.D+R,19,940.6
409,4.D+R,20,1057.0
409,4.D+R,21,1107.6
409,4.D+R,24,1694.2
409,4.D+R,25,1423.6
